	mean	std
0	-0.11225831885671544	0.23725322583311972
