	mean	std
0	-0.1709695603267333	0.26023139798491035
