	mean	std
0	0.11225831885671649	0.23725322583311687
