	mean	std
0	-0.11225831885670971	0.23725322583311553
