	mean	std
0	-0.11225831885670971	0.22715266981526114
