	mean	std
0	0.011910001134473408	0.2524413456571434
