	mean	std
0	-0.11773029950378044	0.35072695383320035
