best_profit	one_std_profit
106376.02773374021	54667.062122795214
