best_profit	one_std_profit
106376.02773374021	52367.774581057616
