best_profit	one_std_profit
108110.85070875617	53432.760523578894
