best_profit	one_std_profit
108111.16004473707	55760.72451200295
