best_profit	one_std_profit
108110.85070875612	53432.76052357776
