best_profit	one_std_profit
178176.9759402004	117616.65053493567
