best_profit	one_std_profit
108110.8507087564	53432.76052357867
