best_profit	one_std_profit
108111.16004473707	0.08809667022074834
