best_profit	one_std_profit
22258.076143766975	-56134.02763374379
